dlarson,Econometrics
dlarson,Public Finance
dlarson,Managerial Economics
kkennedy,Aerography
kkennedy,Climate
brogers,Organizational Psychology
brogers,Strategic Management
brogers,Managerial Economics
nbarrett,Public Finance
brose,Graphic User Interface
brose,Typography
rrichardson,Actuarial Science
rrichardson,Stochastic Modelling
sfrench,Organizational Psychology
kcraig,Strategic Management
dstone,Computer Engineering
jsummers,Pediatric Care
dsimon,Microbiology
gbrown,Software Design
acolon,Nutrition
dreed,Human Resource
mstevens,Computer Systems
vburns,Computer Systems
mortiz,Computer Systems
ihudson,Healthcare Management
mking,Healthcare Management
hpotter,Healthcare Management
jkeller,Healthcare Management
ehawkins,Healthcare Management
ehawkins,Computer Systems
sadkins,Healthcare Management
sadkins,Patient Care
ewalker,Healthcare Management
ewalker,Patient Care
ggutierrez,Marketing
gpena,Strategic Management
rrichards,Human Resource
rrichards,Consulting
rcurry,Entrepreunership
rcurry,Software Design
jfuller,Entrepreunership
jfuller,Strategic Management
jfuller,Consulting
egarner,Public Finance
egarner,Stochastic Modelling
egarner,Actuarial Science
hharper,Civil Engineering
hharper,Marketing
abrooks,Marketing
abrooks,Software Design
agarza,Software Design
agarza,Marketing
csandoval,Marketing
csandoval,Entrepreunership
vperez,Marketing
espencer,Actuarial Science
espencer,Stochastic Modelling
arussell,Computer Systems
arussell,Civil Engineering
tmartin,Software Design
tmartin,Data Analytics
hholland,Computer Systems
hholland,Stochastic Modelling
breyes,Healthcare Management
breyes,Life Sciences
breyes,Patient Care
ocummings,Life Sciences
jmckinney,Life Sciences
jmckinney,Organizational Psychology
jwalters,Healthcare Management
jwalters,Patient Care
wbishop,Consulting
wbishop,Strategic Management
imills,Healthcare Management
ndrake,Healthcare Management
ndrake,Life Sciences
rsims,Healthcare Management
rsims,Patient Care
cwalton,Consulting
cwalton,Strategic Management
tbates,Consulting
tbates,Strategic Management
rbridges,Consulting
rbridges,Marketing
rbridges,Strategic Management
aarmstrong,Financial Instruments
aarmstrong,Marketing Strategy
acobb,Financial Instruments
acobb,Marketing Strategy
edhawkins,Financial Accounting
edhawkins,Financial Instruments
edhawkins,Marketing Strategy
glopez,Corporate Governance
glopez,Financial Instruments
glopez,Marketing Strategy
smcgee,Corporate Finance
smcgee,Corporate Governance
smcgee,Marketing Strategy
vmoss,Corporate Finance
vmoss,Corporate Governance
vmoss,Forensic Accounting
ymorgan,Corporate Finance
ymorgan,Financial Accounting
ymorgan,International Finance
agraves,Global Marketing
agraves,Infomercials
agraves,Social Media Marketing
jcannon,Advertising Strategy
jcannon,Search Engine Optimization
jcannon,Social Media Marketing
rbarnes,Advertising Strategy
rbarnes,Search Engine Optimization
rbarnes,Social Media Marketing
rpeterson,Advertising Strategy
rpeterson,Infomercials
rpeterson,Search Engine Optimization
sortiz,Advertising Strategy
sortiz,Infomercials
sortiz,Social Media Marketing
sreyes,Advertising Strategy
sreyes,Infomercials
sreyes,Social Media Marketing
tcole,Advertising Strategy
tcole,Experential Marketing
gbaker,Aerodynamics
gbaker,Aeronautics
gbaker,Mechatronics
jfleming,Aerodynamics
jfleming,Aeronautics
jfleming,Mechatronics
jpowell,Aerodynamics
jpowell,Aeronautics
jpowell,Mechatronics
mwatts,Fluid Dynamics
mwatts,Polymer Engineering
rluna,Aeronautics
rluna,Mechatronics
rluna,Robotics
sdixon,Aerodynamics
sdixon,Fluid Dynamics
sdixon,Robotics
sduncan,Polymer Engineering
sduncan,Robotics
aabbott,Cross-Breeding
aabbott,Microbiology
aabbott,Sustainable Farming
cbush,Microbiology
cbush,Molecular Biology
cbush,Sustainable Farming
croberson,Cross-Breeding
croberson,Environmental Conservation
croberson,Plant Biology
irogers,Molecular Biology
irogers,Plant Biology
irogers,Sustainable Farming
jhenry,Cross-Breeding
jhenry,Microbiology
jhenry,Molecular Biology
lhoward,Microbiology
lhoward,Plant Biology
lhoward,Sustainable Farming
oclark,Cross-Breeding
oclark,Environmental Conservation
oclark,Plant Biology
abryan,Computational Mechanics
abryan,Microelectromechanical Systems
abryan,Multi-Scale Modelling
alucas,Energy and Thermal Systems
alucas,Materials for Sustainability
alucas,Nanotechnology
bmaldonado,Microelectromechanical Systems
bmaldonado,Multi-Scale Modelling
bmaldonado,Nanotechnology
cpittman,Computational Mechanics
cpittman,Materials for Sustainability
cpittman,Nanotechnology
frowe,Computational Mechanics
frowe,Materials for Sustainability
frowe,Microelectromechanical Systems
mlawrence,Microelectromechanical Systems
mlawrence,Multi-Scale Modelling
mlawrence,Nanotechnology
shaunmitchell,Energy and Thermal Systems
shaunmitchell,Materials for Sustainability
shaunmitchell,Microelectromechanical Systems
cpatterson,Industrial Architecture
cpatterson,Public Building Architecture
jruiz,Green Design
jruiz,Interior Design
lhaynes,Industrial Architecture
lhaynes,Public Building Architecture
mmartinez,Green Design
mmartinez,Interior Design
mnorman,Industrial Architecture
mnorman,Interior Design
mwebster,Green Design
wross,Green Design
wross,Industrial Architecture
wross,Interior Design
gphillips,Compliance
gphillips,Forensic Audit
gphillips,Information System Audit
hbarton,Audit Risk
hbarton,Compliance
hneal,Audit Risk
hneal,Forensic Audit
hneal,Information System Audit
ijimenez,Compliance
ijimenez,Forensic Audit
ijimenez,Information System Audit
lmartin,Compliance
lmartin,Forensic Audit
lmartin,Information System Audit
rlloyd,Audit Risk
rlloyd,Compliance
rlloyd,Forensic Audit
tpena,Audit Risk
tpena,Information System Audit
bmurray,Food Production
bmurray,Vaccination
bmurray,Waste Treatment
bowen,Biotechnology
bowen,Genomics
bowen,Molecular Biology
cjames,Food Production
cjames,Waste Treatment
emendoza,Genomics
emendoza,Molecular Biology
emendoza,Vaccination
mbennett,Biotechnology
mbennett,Food Production
mperry,Molecular Biology
mperry,Vaccination
mperry,Waste Treatment
mtaylor,Biotechnology
mtaylor,Genomics
bosborne,Cross-Breeding
bosborne,Plant Biology
lhansen,Environmental Conservation
lhansen,Plant Biology
mpotter,Environmental Conservation
mpotter,Plant Biology
nfernandez,Plant Biology
pwatkins,Cross-Breeding
sfarmer,Cross-Breeding
sfarmer,Environmental Conservation
smyers,Cross-Breeding
smyers,Environmental Conservation
ageorge,Geographic Information Systems
ageorge,Geospatial Database
ageorge,Map Design
cgriffith,Geographic Information Systems
cgriffith,Geospatial Database
cgriffith,Map Design
doliver,Geographic Information Systems
doliver,Geospatial Database
doliver,Map Design
isanders,Geographic Information Systems
isanders,Geospatial Database
isanders,Map Design
jglover,Geographic Information Systems
jglover,Geospatial Database
jglover,Map Design
sburton,Geographic Information Systems
sburton,Geospatial Database
sburton,Map Design
tsimpson,Geographic Information Systems
dgray,Fluid Dynamics
dgray,Plastics Engineering
dgray,Polymer Engineering
ereeves,Biochemical Engineering
ereeves,Material Sciences
ereeves,Plastics Engineering
ldawson,Material Sciences
ldawson,Plastics Engineering
ldawson,Polymer Engineering
lwalters,Biochemical Engineering
lwalters,Fluid Dynamics
lwalters,Material Sciences
mdiaz,Biochemical Engineering
mdiaz,Fluid Dynamics
mdiaz,Polymer Engineering
wharrington,Biochemical Engineering
wharrington,Chemical Reactor
wharrington,Fluid Dynamics
wwaters,Biochemical Engineering
wwaters,Chemical Reactor
wwaters,Polymer Engineering
clpratt,Chemical Reactor
clpratt,Hydraulics
clpratt,Structural Engineering
cthompson,Fluid Dynamics
cthompson,Transport Engineering
emalone,Structural Engineering
emalone,Water Supply Distribution
kweaver,Chemical Reactor
kweaver,Fluid Dynamics
kweaver,Hydraulics
lmckinney,Transport Engineering
lmckinney,Water Supply Distribution
mschultz,Transport Engineering
mschultz,Water Supply Distribution
tlindsey,Hydraulics
tlindsey,Structural Engineering
tlindsey,Water Supply Distribution
dfrancis,Information Technology Law
dfrancis,Insolvency Law
dfrancis,Insurance
ecampbell,Contract Law
ecampbell,Corporate Governance
ecampbell,Environmental Law
fnunez,Contract Law
fnunez,Information Technology Law
fnunez,Insurance
jwoods,Corporate Governance
jwoods,Environmental Law
jwoods,Insolvency Law
sholloway,Contract Law
sholloway,Information Technology Law
sholloway,Insurance
tsimon,Information Technology Law
tsimon,Insolvency Law
tsimon,Insurance
wbanks,Contract Law
wbanks,Corporate Governance
wbanks,Environmental Law
bhardy,Computer Networks
bhardy,Computer Systems
bhardy,Robotics
ilewis,Cryptography
ilewis,Integrated Circuits
ilewis,Mobile Computing
kbarker,Information Protection
kbarker,Operating Systems
kbarker,Speech Processing
kcox,Cloud Computing
kcox,Computer Networks
kcox,Robotics
moniking,Computer Systems
moniking,Cryptography
moniking,Mobile Computing
pcain,Integrated Circuits
pcain,Operating Systems
pcain,Speech Processing
srhodes,Cloud Computing
srhodes,Information Protection
srhodes,Operating Systems
alynch,Logistics
alynch,Social Media Marketing
bebowers,Customer Service
bebowers,Negotiation
jancross,Logistics
jancross,Negotiation
nreynolds,Customer Service
nreynolds,Social Media Marketing
ojames,Logistics
ojames,Negotiation
slee,Customer Service
slee,Social Media Marketing
tmanning,Customer Service
tmanning,Logistics
tmanning,Negotiation
awilson,Infomercials
awilson,Postioning and Messaging Consulting
awilson,Social Media Marketing
cballard,Advertising Strategy
cballard,Search Engine Optimization
cballard,Social Media Marketing
cfleming,Infomercials
cfleming,Postioning and Messaging Consulting
cfleming,Search Engine Optimization
crhodes,Advertising Strategy
crhodes,Infomercials
crhodes,Social Media Marketing
jsalazar,Advertising Strategy
jsalazar,Postioning and Messaging Consulting
jsalazar,Search Engine Optimization
jsimon,Infomercials
jsimon,Postioning and Messaging Consulting
jsimon,Social Media Marketing
staylor,Advertising Strategy
staylor,Search Engine Optimization
staylor,Social Media Marketing
ahill,Contract Law
ahill,Equity and Trust
ahill,Ethics
jharmon,Ethics
jharmon,European Union Law
jharmon,International Sale of Goods
judwalters,Contract Law
judwalters,Equity and Trust
judwalters,Ethics
ljefferson,Ethics
ljefferson,European Union Law
ljefferson,International Sale of Goods
mhenderson,Ethics
mhenderson,European Union Law
mhenderson,International Sale of Goods
tmann,Ethics
tmann,European Union Law
tmann,International Sale of Goods
whale,Ethics
whale,European Union Law
whale,International Sale of Goods
bwilliams,Artificial Intelligence
bwilliams,Database Management
bwilliams,Virtual Reality
fbanks,Computer Networks
fbanks,Computer Systems
fbanks,Internet of Things
fblair,Mobile Computing
fblair,Operating Systems
fblair,Speech Processing
hfuller,Artificial Intelligence
hfuller,Cloud Computing
hfuller,Database Management
hwells,Artificial Intelligence
hwells,Internet of Things
hwells,Virtual Reality
mporter,Computer Networks
mporter,Computer Systems
mporter,Mobile Computing
rgill,Cloud Computing
rgill,Operating Systems
rgill,Speech Processing
bchavez,Environmental Sustainability
bchavez,Sustainable Development
crogers,Molecular Genetics
crogers,Statistical Analysis
csanders,Molecular Genetics
csanders,Sustainable Development
csummers,Molecular Biology
csummers,Statistical Analysis
llogan,Environmental Sustainability
llogan,Nanotechnology
lsilva,Molecular Genetics
lweaver,Environmental Sustainability
ccooper,Preventive Healthcare
ccooper,Public Health
ccooper,Sociology
dcarter,Preventive Healthcare
dcarter,Public Health
dcarter,Sociology
dmurray,Preventive Healthcare
dmurray,Public Health
ghunter,Public Health
ghunter,Sociology
kflores,Preventive Healthcare
kflores,Sociology
pbaker,Preventive Healthcare
pbaker,Public Health
pbaker,Sociology
rsaunders,Preventive Healthcare
rsaunders,Public Health
rsaunders,Sociology
dpatton,Apparel Design
dpatton,Pattern Making
dpatton,Textile Design
etate,Fashion Jewellery Design
etate,Textile Printing
etate,Virtual Reality
gmarsh,Pattern Making
gmarsh,Textile Design
grodriquez,Apparel Design
grodriquez,Fashion Jewellery Design
grodriquez,Textile Printing
lgregory,Pattern Making
lgregory,Textile Design
rellis,Apparel Design
rellis,Fashion Jewellery Design
rellis,Textile Printing
vjohnston,Apparel Design
vjohnston,Fashion Jewellery Design
vjohnston,Textile Printing
acain,Creative Fundraising
acain,Documentary Production
acain,Photographic and Film Narrative
chouston,Cinematography
chouston,Film Composing
chouston,New Media Technologies
emorton,Photographic and Film Narrative
jpope,Cinematography
jpope,Creative Fundraising
jpope,Documentary Production
jsims,Film Composing
jsims,New Media Technologies
mpadilla,Creative Fundraising
mpadilla,Documentary Production
mpadilla,Photographic and Film Narrative
pgonzales,Cinematography
pgonzales,Film Composing
pgonzales,New Media Technologies
bcrawford,Creative Fundraising
bcrawford,Documentary Production
bcrawford,Film Marketing and Distribution
dmyers,Cinematography
fhunt,Creative Fundraising
fhunt,Film Marketing and Distribution
hcarlson,Cinematography
hcarlson,Documentary Production
jwilkerson,New Media Technologies
lthomas,Photographic and Film Narrative
thammond,Documentary Production
thammond,Photographic and Film Narrative
clloyd,Financial Instruments
ddixon,Corporate Finance
ddixon,Corporate Governance
ddixon,Strategic Management
hortiz,Financial Instruments
jjones,Corporate Finance
jjones,Corporate Governance
jjones,Strategic Management
kpratt,Financial Instruments
kpratt,Strategic Management
shopkins,Corporate Finance
shopkins,Corporate Governance
testrada,Financial Instruments
testrada,Strategic Management
cfrank,Biochemistry
cfrank,Molecular Biology
dedwards,Food Packaging
dedwards,Food Preservation
dedwards,Food Science
gcarson,Harvest Technology
jfox,Biochemistry
jfox,Molecular Biology
jmorris,Food Packaging
jmorris,Food Preservation
jmorris,Food Science
rharris,Biochemistry
rharris,Harvest Technology
rharris,Molecular Biology
rtran,Food Packaging
rtran,Food Preservation
rtran,Food Science
aholloway,Accounting Ethics
aholloway,Accounting Information Systems
aholloway,Corporate Governance
aschwartz,Corporate Tax
aschwartz,Financial Instruments
esharp,Accounting Information Systems
esharp,Corporate Governance
flarson,Accounting Ethics
flarson,Corporate Tax
flarson,Financial Instruments
jcollins,Accounting Information Systems
jcollins,Corporate Governance
jjennings,Accounting Ethics
jjennings,Corporate Tax
jjennings,Financial Instruments
kcannon,Accounting Ethics
kcannon,Accounting Information Systems
kcannon,Corporate Governance
akim,Analytical Chemistry
akim,Molecular Genetics
akim,Pharmacology
aparsons,Molecular Biology
bryan,Analytical Chemistry
bryan,Pharmacology
cburgess,Molecular Biology
cburgess,Molecular Genetics
jmcdaniel,Analytical Chemistry
jmcdaniel,Pharmacology
rgreer,Analytical Chemistry
rgreer,Molecular Biology
rgreer,Molecular Genetics
thiggins,Molecular Biology
thiggins,Molecular Genetics
thiggins,Pharmacology
choffman,Accounting Information Systems
choffman,Corporate Governance
ejacobs,Corporate Governance
ejacobs,Corporate Tax
ipayne,Accounting Ethics
ipayne,Accounting Information Systems
mgardner,Corporate Governance
mgardner,Corporate Tax
spowers,Accounting Ethics
spowers,Accounting Information Systems
stwest,Corporate Governance
stwest,Corporate Tax
tross,Accounting Ethics
tross,Accounting Information Systems
bchambers,Mineralogy
jcohen,Geochemistry
jcohen,Geophysics
jcohen,Structural Geology
lsantos,Engineering Geology
lsantos,Geohazards and Risk Analysis
mmoore,Geochemistry
mmoore,Mineralogy
msimmons,Engineering Geology
msimmons,Geophysics
msimmons,Structural Geology
osimpson,Geochemistry
osimpson,Geohazards and Risk Analysis
osimpson,Mineralogy
ryoung,Engineering Geology
ryoung,Geophysics
ryoung,Structural Geology
abarton,Marine and Tectonics
aholmes,Cryosphere
aholmes,Polar and Plenatary
fcarter,Marine and Tectonics
fcarter,Polar and Plenatary
jroberts,Cryosphere
jroberts,Marine and Tectonics
kleonard,Cryosphere
kleonard,Polar and Plenatary
mgross,Marine and Tectonics
mgross,Polar and Plenatary
tbryan,Cryosphere
egutierrez,Engineering Geology
egutierrez,Geo-environmental Engineering
egutierrez,Geophysics
ejimenez,Marine Geotechnical Engineering
emay,Engineering Geology
emay,Geophysics
jbrock,Engineering Geology
jbrock,Geo-environmental Engineering
jbrock,Marine Geotechnical Engineering
kholt,Geo-environmental Engineering
kholt,Geophysics
kholt,Marine Geotechnical Engineering
klarson,Engineering Geology
klarson,Geo-environmental Engineering
klarson,Geophysics
tpatton,Marine and Tectonics
tpatton,Marine Geotechnical Engineering
arogers,Experential Marketing
arogers,Graphic Design
arogers,Interactive Visualization
avega,Interactive Visualization
avega,Social Media Marketing
bhawkins,Experential Marketing
ggriffin,Graphic Design
ggriffin,Interactive Visualization
hicarlson,Experential Marketing
hicarlson,Graphic Design
ielliott,Interactive Visualization
jcrawford,Experential Marketing
jcrawford,Graphic Design
ealvarado,Antitrust Law
ealvarado,Insurance
ealvarado,Public Health
fkennedy,Medical Malpractice
gward,Insurance
kvasquez,Antitrust Law
kvasquez,Medical Malpractice
kvasquez,Public Health
mwaters,Antitrust Law
mwaters,Insurance
mwaters,Public Health
nmassey,Insurance
nmassey,Medical Malpractice
nmassey,Public Health
wday,Antitrust Law
wday,Medical Malpractice
afitzgerald,Design Thinking
afitzgerald,Innovative Design
afitzgerald,Product Design
cfranklin,Systems and Service Design
ecollier,Design Thinking
ecollier,Innovative Design
ecollier,Product Design
lmason,Product Design
lmason,Systems and Service Design
lsteele,Design Thinking
lsteele,Innovative Design
nnichols,Product Design
nnichols,Systems and Service Design
rreynolds,Design Thinking
rreynolds,Innovative Design
csherman,Architectural Design
dwarner,Green Design
hmedina,Green Design
jchapman,Green Design
ogarcia,Architectural Design
rdavis,Architectural Design
rhughes,Architectural Design
ablack,Integration Systems
bbanks,Business Analytics
bbanks,Embedded Systems
erios,Integration Systems
jlane,Business Analytics
jlane,Cloud Computing
jlane,Embedded Systems
olittle,Computational Photography
olittle,Embedded Systems
scummings,Cloud Computing
scummings,Computational Photography
tgarner,Cloud Computing
tgarner,Computational Photography
tgarner,Embedded Systems
bhall,Integration Systems
esimpson,Business Analytics
esimpson,Cloud Computing
esimpson,Embedded Systems
gmorton,Computational Photography
hgardner,Business Analytics
hgardner,Embedded Systems
hgardner,Integration Systems
krichardson,Cloud Computing
krichardson,Computational Photography
swest,Business Analytics
swest,Integration Systems
wreed,Cloud Computing
wreed,Embedded Systems
bburgess,Documentary
bphillips,Photography
ehowell,Social Media Marketing
hking,Documentary
jpayne,Documentary
mtownsend,Documentary
smack,Documentary
chicks,Civil Law
chicks,Company Law
dallison,Comparative Law
dallison,Government Contracts
dallison,Information Technology Law
efoster,Insolvency Law
efoster,Insurance
efoster,International Sale of Goods
fcraig,Partnership Law
fcraig,Patent Law
fcraig,Restitution
iduncan,Civil Law
iduncan,Company Law
kgarrett,Comparative Law
kgarrett,Government Contracts
kgarrett,Information Technology Law
ybush,Insolvency Law
ybush,Insurance
ybush,International Sale of Goods
awelch,Partnership Law
awelch,Patent Law
awelch,Restitution
jlynch,Civil Law
jlynch,Company Law
jrodriquez,Comparative Law
jrodriquez,Government Contracts
jrodriquez,Information Technology Law
kcarroll,Insolvency Law
kcarroll,Insurance
kcarroll,International Sale of Goods
kchavez,Partnership Law
kchavez,Patent Law
kchavez,Restitution
lperez,Civil Law
lperez,Company Law
rdouglas,Comparative Law
rdouglas,Government Contracts
rdouglas,Information Technology Law
bschneider,Insolvency Law
bschneider,Insurance
bschneider,International Sale of Goods
cfarmer,Partnership Law
cfarmer,Patent Law
cfarmer,Restitution
gbaldwin,Civil Law
gbaldwin,Company Law
gbaldwin,Corporate Finance Law
jhopkins,Comparative Law
jhopkins,Government Contracts
jhopkins,Information Technology Law
nwilliamson,Insolvency Law
nwilliamson,Insurance
nwilliamson,International Sale of Goods
pmendoza,Partnership Law
pmendoza,Patent Law
pmendoza,Restitution
psanchez,Comparative Law
psanchez,Consumer Protection
psanchez,Corporate Finance Law
bluna,Literature
bluna,Marketing
bluna,Typography
cmiles,Fashion
cmiles,Social Media Marketing
hrivera,Literature
hrivera,Typography
kgreer,Fashion
kgreer,Marketing
kgreer,Social Media Marketing
lunderwood,Literature
lunderwood,Typography
mdoyle,Fashion
mdoyle,Marketing
mdoyle,Social Media Marketing
msandoval,Literature
msandoval,Typography
aallen,Corporate Governance
dpadilla,Accounting Ethics
dpadilla,Accounting Information Systems
dpadilla,Financial Instruments
ewoods,Corporate Governance
ewoods,Corporate Tax
jfigueroa,Accounting Ethics
jfigueroa,Accounting Information Systems
jfigueroa,Financial Instruments
lwillis,Corporate Governance
lwillis,Corporate Tax
mwade,Accounting Ethics
mwade,Accounting Information Systems
mwade,Financial Instruments
rkelly,Corporate Tax
apratt,Sustainable Farming
dsherman,Marine Science
dsherman,Oceanography
iburke,Aquatic Disease and Immunity
iburke,Coastal Economies
lgreen,Coastal Pollution
lgreen,Marine Science
lnorton,Coastal Economies
lnorton,Oceanography
nevans,Coastal Pollution
nevans,Oceanography
phill,Marine Science
phill,Oceanography
erodriguez,Advertising Strategy
erodriguez,Market Sizing
erodriguez,Statistical Analysis
freeves,Advertising Strategy
freeves,Market Sizing
freeves,Statistical Analysis
hpowell,Advertising Strategy
hpowell,Market Sizing
jnewman,Statistical Analysis
mchambers,Advertising Strategy
mchambers,Market Sizing
nbarton,Advertising Strategy
nbarton,Statistical Analysis
priley,Market Sizing
priley,Statistical Analysis
aking,Business Marketing
aking,Experential Marketing
aking,Social Media Marketing
award,Global Marketing
award,Social Responsibility
award,Sustainable Marketing
ibaker,Packaging
jfoster,Business Marketing
jfoster,Experential Marketing
kmoss,Social Media Marketing
kmoss,Social Responsibility
kmoss,Sustainable Marketing
mgreene,Experential Marketing
mgreene,Global Marketing
mgreene,Packaging
owalters,Business Marketing
owalters,Social Media Marketing
owalters,Sustainable Marketing
amiller,Biomedical Science
amiller,Defence Materials
amiller,Nanotechnology
bbowers,Materials for Sustainability
lmyers,Biomedical Science
lmyers,Nanotechnology
mperez,Defence Materials
mperez,Materials for Sustainability
msingleton,Nanotechnology
smitchell,Biomedical Science
smitchell,Defence Materials
smitchell,Materials for Sustainability
wfields,Biomedical Science
wfields,Defence Materials
wfields,Nanotechnology
dolson,Aerodynamics
dolson,Mechatronics
dolson,Robotics
eroberts,Energy and Thermal Systems
eroberts,Green Technology
eroberts,Materials for Sustainability
gclayton,Additive Manufacturing
ohale,Mechatronics
ohale,Robotics
pnunez,Aerodynamics
pnunez,Energy and Thermal Systems
pnunez,Materials for Sustainability
rday,Additive Manufacturing
rday,Green Technology
rday,Mechatronics
terickson,Aerodynamics
terickson,Materials for Sustainability
terickson,Robotics
bbrady,Biomedical Science
cnorris,Biomedical Science
epowers,Biomedical Science
kcarter,Drug Safety
lharmon,Drug Safety
pfrazier,Drug Safety
tnorman,Drug Safety
cdiaz,Hydrometeorology
cdiaz,Meterological Consulting
cdiaz,Weather Forecasting
cmclaughlin,Hydrometeorology
kbutler,Meterological Consulting
kbutler,Weather Forecasting
mmorton,Hydrometeorology
mmorton,Weather Forecasting
operkins,Meterological Consulting
rschmidt,Hydrometeorology
rschmidt,Weather Forecasting
wbarnes,Meterological Consulting
amanning,Biochemistry
amanning,Biomedical Science
amanning,Microbiology
dcopeland,Microbiology
dhorton,Biochemistry
dhorton,Biomedical Science
jcross,Biomedical Science
jcross,Microbiology
lgarrett,Biochemistry
pvasquez,Biomedical Science
pvasquez,Microbiology
rdixon,Biochemistry
rdixon,Biomedical Science
rdixon,Microbiology
cdrake,Data Visualization
cdrake,Graphic Design
ebarnett,Interactive Visualization
ebarnett,New Media Art
ecastillo,Data Visualization
ecastillo,Graphic Design
epatterson,Interactive Visualization
epatterson,New Media Art
fwilkerson,Data Visualization
fwilkerson,Graphic Design
jhampton,Data Visualization
jhampton,Interactive Visualization
jhampton,New Media Art
mkelly,Graphic Design
mkelly,Interactive Visualization
mkelly,New Media Art
ancolon,Biomedical Science
ancolon,Drug Legislation and Safety
aortiz,Molecular Biology
aortiz,Preventive Healthcare
aortiz,Public Health
aphelps,Biomedical Science
aphelps,Molecular Biology
aphelps,Molecular Genetics
chenderson,Drug Legislation and Safety
dwagner,Biomedical Science
dwagner,Drug Legislation and Safety
kmarshall,Molecular Biology
kmarshall,Preventive Healthcare
kmarshall,Public Health
pshelton,Biomedical Science
pshelton,Molecular Biology
pshelton,Molecular Genetics
bbrewer,Documentary
bbrewer,Drug Legislation and Safety
bstokes,Documentary
bstokes,Landscape Photography
bstokes,Portrait Photography
eharvey,Journalism
eharvey,Landscape Photography
eharvey,Sports Photography
mbradley,Documentary
mbradley,Fashion
mbradley,Portrait Photography
vbenson,Documentary
vbenson,Landscape Photography
vrivera,Journalism
vrivera,Landscape Photography
vrivera,Sports Photography
wpark,Fashion
cholt,Ethics
cholt,Public Health
cholt,Public Policy
jgarcia,Economic Analysis
jgarcia,Public Finance
llloyd,Public Policy
lpayne,Economic Analysis
lpayne,Ethics
lpayne,Public Health
mmurray,Public Finance
mmurray,Public Policy
sparsons,Economic Analysis
sparsons,Ethics
sparsons,Public Health
tallison,Public Finance
anichols,Music Business Operations
anichols,Music Marketing
anichols,Music Production
btran,Songwriting
ekeller,Music Marketing
ekeller,Music Production
istewart,Music Business Operations
istewart,Music Production
istewart,Songwriting
jschneider,Music Business Operations
jschneider,Music Marketing
jschneider,Songwriting
klewis,Music Business Operations
klewis,Music Marketing
klewis,Music Production
thicks,Songwriting
dneal,Screenwriting
egill,Screenwriting
gturner,Screenwriting
lbeck,Screenwriting
rgoodman,Playwriting
slove,Playwriting
ywashington,Playwriting
cpratt,Costume Design
cpratt,Lighting Design
cpratt,Production Design
jphillips,Scenic Design
kcampbell,Costume Design
kcampbell,Production Design
khernandez,Lighting Design
khernandez,Scenic Design
ljimenez,Costume Design
ljimenez,Production Design
obrock,Lighting Design
obrock,Production Design
obrock,Scenic Design
rlong,Costume Design
rlong,Lighting Design
rlong,Scenic Design
jrhodes,Audio Engineering
jrhodes,Music Marketing
lbryant,Acoustics
lbryant,Music Business Operations
lbryant,Songwriting
lhale,Audio Engineering
mgarner,Acoustics
mgarner,Music Business Operations
mgarner,Music Marketing
mmckinney,Songwriting
rfleming,Audio Engineering
rfleming,Music Business Operations
rfleming,Music Marketing
ilawson,Demography
ilawson,Medical Statistics
lbarton,Demography
lbarton,Medical Statistics
cmccoy,Cloud Computing
cmccoy,Integration Systems
dortega,Network Security
ecurtis,Network Security
lhines,Integration Systems
lhines,Network Security
lwoods,Cloud Computing
lwoods,Integration Systems
mholt,Cloud Computing
ojennings,Cloud Computing
ojennings,Integration Systems
bgibson,Electronic Switching Systems
bgibson,Fibre Optics
bgibson,Systems Engineering
dmcgee,Terrestrial Radio Link Systems
grodriguez,Electronic Switching Systems
grodriguez,Fibre Optics
jevans,Systems Engineering
jevans,Terrestrial Radio Link Systems
jthompson,Electronic Switching Systems
jthompson,Fibre Optics
ltyler,Fibre Optics
ltyler,Systems Engineering
ltyler,Terrestrial Radio Link Systems
rhayes,Electronic Switching Systems
rhayes,Systems Engineering
rhayes,Terrestrial Radio Link Systems
dcummings,Financial Instruments
fweber,Financial Instruments
jgoodwin,Corporate Governance
mwalton,Corporate Governance
njefferson,Corporate Governance
salvarez,Financial Instruments
shunter,Financial Instruments
apotter,Sustainable Development
jjensen,Sustainable Development
khammond,Sustainable Development
mblake,Sustainable Development
mpage,Green Technology
mperkins,Green Technology
rbell,Green Technology
emaldonado,Game Design
epena,Game Design
fallison,Graphic Design
jklein,Graphic Design
kdunn,Graphic Design
lhudson,Graphic Design
mfletcher,Graphic Design
pcarpenter,Game Design
